{
    "Star2": {
        "pos": [
            -50.00000000000005,
            -86.60254037844382
        ],
        "vel": [
            43.30127018922191,
            -25.000000000000018
        ]
    },
    "Star1": {
        "pos": [
            -49.99999999999998,
            86.60254037844388
        ],
        "vel": [
            -43.301270189221924,
            -25.000000000000018
        ]
    },
    "Star0": {
        "pos": [
            100,
            0
        ],
        "vel": [
            3.061616997868383E-15,
            50
        ]
    }
}